{"metadata":{"usedHelpers":[],"marked":[],"modules":{"imports":[],"exports":{"exported":[],"specifiers":[]}}},"options":{"filename":"packages/accounts-base/accounts_tests_setup.js","filenameRelative":"packages/accounts-base/accounts_tests_setup.js","env":{"development":{"plugins":[]}},"retainLines":false,"highlightCode":true,"suppressDeprecationMessages":false,"presets":[],"plugins":[[[],null],[[],null],[[],null],[[],null],[[],null],[[],null],[[],{"generateLetDeclarations":true,"enforceStrictMode":false}],[[],{"polyfill":false}],[[],null],[[],null],[[],null],[[],{"useNativeAsyncAwait":false}],[[],null],[[],null],[[],{"allowTopLevelThis":true,"strict":false,"loose":true}]],"ignore":[],"code":true,"metadata":true,"ast":true,"comments":true,"compact":false,"minified":false,"sourceMap":true,"sourceMaps":true,"sourceMapTarget":"packages/accounts-base/accounts_tests_setup.js.map","sourceFileName":"packages/accounts-base/accounts_tests_setup.js","babelrc":false,"sourceType":"module","moduleIds":false,"passPerPreset":false,"parserOpts":false,"generatorOpts":false,"basename":"accounts_tests_setup"},"ignored":false,"code":"Meteor.methods({\n  removeAccountsTestUser(username) {\n    Meteor.users.remove({\n      username\n    });\n  }\n\n});","map":{"version":3,"sources":["packages/accounts-base/accounts_tests_setup.js"],"names":["Meteor","methods","removeAccountsTestUser","username","users","remove"],"mappings":"AAAAA,OAAOC,OAAP,CAAe;AACbC,yBAAuBC,QAAvB,EAAiC;AAC/BH,WAAOI,KAAP,CAAaC,MAAb,CAAoB;AAAEF;AAAF,KAApB;AACD;;AAHY,CAAf","file":"packages/accounts-base/accounts_tests_setup.js.map","sourcesContent":["Meteor.methods({\n  removeAccountsTestUser(username) {\n    Meteor.users.remove({ username });\n  },\n});\n"]},"hash":"041098354c4cab07f4b06cb2b56e4e8ebfe263ca"}
