{"metadata":{"usedHelpers":[],"marked":[],"modules":{"imports":[{"source":"meteor/templating","imported":["Template"],"specifiers":[{"kind":"named","imported":"Template","local":"Template"}]},{"source":"./like.html","imported":[],"specifiers":[]},{"source":"./message.html","imported":[],"specifiers":[]},{"source":"./message.js","imported":[],"specifiers":[]},{"source":"meteor/reactive-var","imported":["ReactiveVar"],"specifiers":[{"kind":"named","imported":"ReactiveVar","local":"ReactiveVar"}]}],"exports":{"exported":[],"specifiers":[]}}},"options":{"filename":"imports/ui/like.js","filenameRelative":"imports/ui/like.js","env":{"development":{"plugins":[]}},"retainLines":false,"highlightCode":true,"suppressDeprecationMessages":false,"presets":[],"plugins":[[[],{"generateLetDeclarations":true,"enforceStrictMode":false}],[[],null],[[],{"polyfill":false}],[[],null],[[],null],[[],null],[[],{"allowTopLevelThis":true,"strict":false,"loose":true}],[[],null],[[],null],[[],null],[[],null],[[],null],[[],null],[[],null],[[],null],[[],null],[[],null],[[],null],[[],null],[[],{"loose":true}],[[],{"loose":true}],[[],null],[[],{"loose":true}],[[],null],[[],null],[[],null],[[],null],[[],null],[[],null],[[],{"loose":true}],[[],null],[[],null],[[],null],[[],null],[[],null],[[],null],[[],null]],"ignore":[],"code":true,"metadata":true,"ast":true,"comments":true,"compact":false,"minified":false,"sourceMap":true,"sourceMaps":true,"sourceMapTarget":"imports/ui/like.js.map","sourceFileName":"imports/ui/like.js","babelrc":false,"sourceType":"module","moduleIds":false,"passPerPreset":false,"parserOpts":false,"generatorOpts":false,"basename":"like"},"ignored":false,"code":"var Template = void 0;\nmodule.watch(require(\"meteor/templating\"), {\n  Template: function (v) {\n    Template = v;\n  }\n}, 0);\nmodule.watch(require(\"./like.html\"));\nmodule.watch(require(\"./message.html\"));\nmodule.watch(require(\"./message.js\"));\nvar ReactiveVar = void 0;\nmodule.watch(require(\"meteor/reactive-var\"), {\n  ReactiveVar: function (v) {\n    ReactiveVar = v;\n  }\n}, 1);","map":{"version":3,"sources":["imports/ui/like.js"],"names":["Template","module","watch","require","v","ReactiveVar"],"mappings":"AAAA,IAAIA,iBAAJ;AAAaC,OAAOC,KAAP,CAAaC,QAAQ,mBAAR,CAAb,EAA0C;AAACH,UAAD,YAAUI,CAAV,EAAY;AAACJ,eAASI,CAAT;AAAW;AAAxB,CAA1C,EAAoE,CAApE;AAAuEH,OAAOC,KAAP,CAAaC,QAAQ,aAAR,CAAb;AAAqCF,OAAOC,KAAP,CAAaC,QAAQ,gBAAR,CAAb;AAAwCF,OAAOC,KAAP,CAAaC,QAAQ,cAAR,CAAb;AAAsC,IAAIE,oBAAJ;AAAgBJ,OAAOC,KAAP,CAAaC,QAAQ,qBAAR,CAAb,EAA4C;AAACE,aAAD,YAAaD,CAAb,EAAe;AAACC,kBAAYD,CAAZ;AAAc;AAA9B,CAA5C,EAA4E,CAA5E","file":"imports/ui/like.js.map","sourcesContent":["import { Template } from 'meteor/templating';\nimport './like.html';\nimport './message.html';\nimport './message.js';\nimport { ReactiveVar } from 'meteor/reactive-var';\n\n// Template.like.onCreated(function likeOnCreated() {\n//   // start with 0 likes\n//   this.counter = new ReactiveVar(0);\n// });\n\n// Template.like.helpers({\n//   counter() {\n//     return Template.instance().counter.get();\n//   },\n// });\n\n// Template.like.events({\n//   'click .btn'(event, instance) {\n//     // increment the counter when button is clicked\n//     instance.counter.set(instance.counter.get() + 1);\n//   },\n// });\n"]},"hash":"16727b152302af05dd1ca444eef0ea2cb2a492fb"}
