{"metadata":{"usedHelpers":[],"marked":[],"modules":{"imports":[{"source":"meteor/mongo","imported":["Mongo"],"specifiers":[{"kind":"named","imported":"Mongo","local":"Mongo"}]}],"exports":{"exported":["Messages"],"specifiers":[{"kind":"local","local":"Messages","exported":"Messages"}]}}},"options":{"filename":"imports/api/messages.js","filenameRelative":"imports/api/messages.js","env":{"development":{"plugins":[]}},"retainLines":false,"highlightCode":true,"suppressDeprecationMessages":false,"presets":[],"plugins":[[[],{"generateLetDeclarations":true,"enforceStrictMode":false}],[[],null],[[],{"polyfill":false}],[[],null],[[],null],[[],null],[[],{"allowTopLevelThis":true,"strict":false,"loose":true}],[[],null],[[],null],[[],null],[[],null],[[],null],[[],null],[[],null],[[],null],[[],null],[[],null],[[],null],[[],null],[[],{"loose":true}],[[],{"loose":true}],[[],null],[[],{"loose":true}],[[],null],[[],null],[[],null],[[],null],[[],null],[[],null],[[],{"loose":true}],[[],null],[[],null],[[],null],[[],null],[[],null],[[],null],[[],null]],"ignore":[],"code":true,"metadata":true,"ast":true,"comments":true,"compact":false,"minified":false,"sourceMap":true,"sourceMaps":true,"sourceMapTarget":"imports/api/messages.js.map","sourceFileName":"imports/api/messages.js","babelrc":false,"sourceType":"module","moduleIds":false,"passPerPreset":false,"parserOpts":false,"generatorOpts":false,"basename":"messages"},"ignored":false,"code":"module.export({\n  Messages: function () {\n    return Messages;\n  }\n});\nvar Mongo = void 0;\nmodule.watch(require(\"meteor/mongo\"), {\n  Mongo: function (v) {\n    Mongo = v;\n  }\n}, 0);\nvar Messages = new Mongo.Collection('messages');","map":{"version":3,"sources":["imports/api/messages.js"],"names":["module","export","Messages","Mongo","watch","require","v","Collection"],"mappings":"AAAAA,OAAOC,MAAP,CAAc;AAACC,YAAS;AAAA,WAAIA,QAAJ;AAAA;AAAV,CAAd;AAAuC,IAAIC,cAAJ;AAAUH,OAAOI,KAAP,CAAaC,QAAQ,cAAR,CAAb,EAAqC;AAACF,OAAD,YAAOG,CAAP,EAAS;AAACH,YAAMG,CAAN;AAAQ;AAAlB,CAArC,EAAyD,CAAzD;AAC1C,IAAMJ,WAAW,IAAIC,MAAMI,UAAV,CAAqB,UAArB,CAAjB","file":"imports/api/messages.js.map","sourcesContent":["import { Mongo } from 'meteor/mongo';\nexport const Messages = new Mongo.Collection('messages');"]},"hash":"18c15514c13e187d459fd0af247f6ef4c146162f"}
