{"metadata":{"usedHelpers":[],"marked":[],"modules":{"imports":[{"source":"./accounts_tests.js","imported":[],"specifiers":[]},{"source":"./accounts_reconnect_tests.js","imported":[],"specifiers":[]}],"exports":{"exported":[],"specifiers":[]}}},"options":{"filename":"packages/accounts-base/server_tests.js","filenameRelative":"packages/accounts-base/server_tests.js","env":{"development":{"plugins":[]}},"retainLines":false,"highlightCode":true,"suppressDeprecationMessages":false,"presets":[],"plugins":[[[],{"generateLetDeclarations":true,"enforceStrictMode":false}],[[],null],[[],{"polyfill":false}],[[],null],[[],null],[[],null],[[],{"allowTopLevelThis":true,"strict":false,"loose":true}],[[],null],[[],null],[[],null],[[],null],[[],null],[[],null],[[],null],[[],null],[[],null],[[],null],[[],null],[[],null],[[],{"loose":true}],[[],{"loose":true}],[[],null],[[],{"loose":true}],[[],null],[[],null],[[],null],[[],null],[[],null],[[],null],[[],{"loose":true}],[[],null],[[],null],[[],null],[[],null],[[],null],[[],null],[[],null]],"ignore":[],"code":true,"metadata":true,"ast":true,"comments":true,"compact":false,"minified":false,"sourceMap":true,"sourceMaps":true,"sourceMapTarget":"packages/accounts-base/server_tests.js.map","sourceFileName":"packages/accounts-base/server_tests.js","babelrc":false,"sourceType":"module","moduleIds":false,"passPerPreset":false,"parserOpts":false,"generatorOpts":false,"basename":"server_tests"},"ignored":false,"code":"module.watch(require(\"./accounts_tests.js\"));\nmodule.watch(require(\"./accounts_reconnect_tests.js\"));","map":{"version":3,"sources":["packages/accounts-base/server_tests.js"],"names":["module","watch","require"],"mappings":"AAAAA,OAAOC,KAAP,CAAaC,QAAQ,qBAAR,CAAb;AAA6CF,OAAOC,KAAP,CAAaC,QAAQ,+BAAR,CAAb","file":"packages/accounts-base/server_tests.js.map","sourcesContent":["import \"./accounts_tests.js\";\nimport \"./accounts_reconnect_tests.js\";\n"]},"hash":"18f5144eec0fe93ae61f872fe6ebb8e39a2c5675"}
