{"metadata":{"usedHelpers":[],"marked":[],"modules":{"imports":[{"source":"meteor/mongo","imported":["Mongo"],"specifiers":[{"kind":"named","imported":"Mongo","local":"Mongo"}]}],"exports":{"exported":["Messages"],"specifiers":[{"kind":"local","local":"Messages","exported":"Messages"}]}}},"options":{"filename":"imports/api/messages.js","filenameRelative":"imports/api/messages.js","env":{"development":{"plugins":[]}},"retainLines":false,"highlightCode":true,"suppressDeprecationMessages":false,"presets":[],"plugins":[[[],null],[[],null],[[],null],[[],null],[[],null],[[],null],[[],{"generateLetDeclarations":true,"enforceStrictMode":false}],[[],{"polyfill":false}],[[],null],[[],null],[[],null],[[],{"useNativeAsyncAwait":false}],[[],null],[[],null],[[],{"allowTopLevelThis":true,"strict":false,"loose":true}]],"ignore":[],"code":true,"metadata":true,"ast":true,"comments":true,"compact":false,"minified":false,"sourceMap":true,"sourceMaps":true,"sourceMapTarget":"imports/api/messages.js.map","sourceFileName":"imports/api/messages.js","babelrc":false,"sourceType":"module","moduleIds":false,"passPerPreset":false,"parserOpts":false,"generatorOpts":false,"basename":"messages"},"ignored":false,"code":"module.export({\n  Messages: () => Messages\n});\nlet Mongo;\nmodule.watch(require(\"meteor/mongo\"), {\n  Mongo(v) {\n    Mongo = v;\n  }\n\n}, 0);\nconst Messages = new Mongo.Collection('messages');","map":{"version":3,"sources":["imports/api/messages.js"],"names":["module","export","Messages","Mongo","watch","require","v","Collection"],"mappings":"AAAAA,OAAOC,MAAP,CAAc;AAACC,YAAS,MAAIA;AAAd,CAAd;AAAuC,IAAIC,KAAJ;AAAUH,OAAOI,KAAP,CAAaC,QAAQ,cAAR,CAAb,EAAqC;AAACF,QAAMG,CAAN,EAAQ;AAACH,YAAMG,CAAN;AAAQ;;AAAlB,CAArC,EAAyD,CAAzD;AAC1C,MAAMJ,WAAW,IAAIC,MAAMI,UAAV,CAAqB,UAArB,CAAjB","file":"imports/api/messages.js.map","sourcesContent":["import { Mongo } from 'meteor/mongo';\nexport const Messages = new Mongo.Collection('messages');"]},"hash":"1d9a50c17d868cb849a997b88d8db68e8d7ab118"}
