{"metadata":{"usedHelpers":[],"marked":[],"modules":{"imports":[{"source":"meteor/accounts-base","imported":["Accounts"],"specifiers":[{"kind":"named","imported":"Accounts","local":"Accounts"}]}],"exports":{"exported":[],"specifiers":[]}}},"options":{"filename":"imports/startup/accounts-config.js","filenameRelative":"imports/startup/accounts-config.js","env":{"development":{"plugins":[]}},"retainLines":false,"highlightCode":true,"suppressDeprecationMessages":false,"presets":[],"plugins":[[[],null],[[],null],[[],null],[[],null],[[],null],[[],null],[[],{"generateLetDeclarations":true,"enforceStrictMode":false}],[[],{"polyfill":false}],[[],null],[[],null],[[],null],[[],{"useNativeAsyncAwait":false}],[[],null],[[],null],[[],{"allowTopLevelThis":true,"strict":false,"loose":true}]],"ignore":[],"code":true,"metadata":true,"ast":true,"comments":true,"compact":false,"minified":false,"sourceMap":true,"sourceMaps":true,"sourceMapTarget":"imports/startup/accounts-config.js.map","sourceFileName":"imports/startup/accounts-config.js","babelrc":false,"sourceType":"module","moduleIds":false,"passPerPreset":false,"parserOpts":false,"generatorOpts":false,"basename":"accounts-config"},"ignored":false,"code":"let Accounts;\nmodule.watch(require(\"meteor/accounts-base\"), {\n  Accounts(v) {\n    Accounts = v;\n  }\n\n}, 0);\nAccounts.ui.config({\n  passwordSignupFields: 'USERNAME_ONLY'\n});","map":{"version":3,"sources":["imports/startup/accounts-config.js"],"names":["Accounts","module","watch","require","v","ui","config","passwordSignupFields"],"mappings":"AAAA,IAAIA,QAAJ;AAAaC,OAAOC,KAAP,CAAaC,QAAQ,sBAAR,CAAb,EAA6C;AAACH,WAASI,CAAT,EAAW;AAACJ,eAASI,CAAT;AAAW;;AAAxB,CAA7C,EAAuE,CAAvE;AACZJ,SAASK,EAAT,CAAYC,MAAZ,CAAmB;AACjBC,wBAAsB;AADL,CAAnB","file":"imports/startup/accounts-config.js.map","sourcesContent":[" import { Accounts } from 'meteor/accounts-base';\n Accounts.ui.config({\n   passwordSignupFields: 'USERNAME_ONLY',\n });"]},"hash":"3989aae3a857300466ae31a8c6717818e5b1764e"}
