{"metadata":{"usedHelpers":[],"marked":[],"modules":{"imports":[{"source":"meteor/mongo","imported":["Mongo"],"specifiers":[{"kind":"named","imported":"Mongo","local":"Mongo"}]}],"exports":{"exported":["Likes"],"specifiers":[{"kind":"local","local":"Likes","exported":"Likes"}]}}},"options":{"filename":"imports/api/likes.js","filenameRelative":"imports/api/likes.js","env":{"development":{"plugins":[]}},"retainLines":false,"highlightCode":true,"suppressDeprecationMessages":false,"presets":[],"plugins":[[[],null],[[],null],[[],null],[[],null],[[],null],[[],null],[[],{"generateLetDeclarations":true,"enforceStrictMode":false}],[[],{"polyfill":false}],[[],null],[[],null],[[],null],[[],{"useNativeAsyncAwait":false}],[[],null],[[],null],[[],{"allowTopLevelThis":true,"strict":false,"loose":true}]],"ignore":[],"code":true,"metadata":true,"ast":true,"comments":true,"compact":false,"minified":false,"sourceMap":true,"sourceMaps":true,"sourceMapTarget":"imports/api/likes.js.map","sourceFileName":"imports/api/likes.js","babelrc":false,"sourceType":"module","moduleIds":false,"passPerPreset":false,"parserOpts":false,"generatorOpts":false,"basename":"likes"},"ignored":false,"code":"module.export({\n  Likes: () => Likes\n});\nlet Mongo;\nmodule.watch(require(\"meteor/mongo\"), {\n  Mongo(v) {\n    Mongo = v;\n  }\n\n}, 0);\nconst Likes = new Mongo.Collection('likes');","map":{"version":3,"sources":["imports/api/likes.js"],"names":["module","export","Likes","Mongo","watch","require","v","Collection"],"mappings":"AAAAA,OAAOC,MAAP,CAAc;AAACC,SAAM,MAAIA;AAAX,CAAd;AAAiC,IAAIC,KAAJ;AAAUH,OAAOI,KAAP,CAAaC,QAAQ,cAAR,CAAb,EAAqC;AAACF,QAAMG,CAAN,EAAQ;AAACH,YAAMG,CAAN;AAAQ;;AAAlB,CAArC,EAAyD,CAAzD;AACpC,MAAMJ,QAAQ,IAAIC,MAAMI,UAAV,CAAqB,OAArB,CAAd","file":"imports/api/likes.js.map","sourcesContent":["import { Mongo } from 'meteor/mongo';\nexport const Likes = new Mongo.Collection('likes');"]},"hash":"3992bdcfd4b724c18d19e67b0c6118052d8d263a"}
