{"metadata":{"usedHelpers":[],"marked":[],"modules":{"imports":[{"source":"meteor/meteor","imported":["Meteor"],"specifiers":[{"kind":"named","imported":"Meteor","local":"Meteor"}]},{"source":"../imports/api/messages.js","imported":[],"specifiers":[]},{"source":"../imports/api/likes.js","imported":[],"specifiers":[]}],"exports":{"exported":[],"specifiers":[]}}},"options":{"filename":"server/main.js","filenameRelative":"server/main.js","env":{"development":{"plugins":[]}},"retainLines":false,"highlightCode":true,"suppressDeprecationMessages":false,"presets":[],"plugins":[[[],null],[[],null],[[],null],[[],null],[[],null],[[],null],[[],{"generateLetDeclarations":true,"enforceStrictMode":false}],[[],{"polyfill":false}],[[],null],[[],null],[[],null],[[],{"useNativeAsyncAwait":false}],[[],null],[[],null],[[],{"allowTopLevelThis":true,"strict":false,"loose":true}]],"ignore":[],"code":true,"metadata":true,"ast":true,"comments":true,"compact":false,"minified":false,"sourceMap":true,"sourceMaps":true,"sourceMapTarget":"server/main.js.map","sourceFileName":"server/main.js","babelrc":false,"sourceType":"module","moduleIds":false,"passPerPreset":false,"parserOpts":false,"generatorOpts":false,"basename":"main"},"ignored":false,"code":"let Meteor;\nmodule.watch(require(\"meteor/meteor\"), {\n  Meteor(v) {\n    Meteor = v;\n  }\n\n}, 0);\nmodule.watch(require(\"../imports/api/messages.js\"));\nmodule.watch(require(\"../imports/api/likes.js\"));\nMeteor.startup(() => {// code to run on server at startup\n});","map":{"version":3,"sources":["server/main.js"],"names":["Meteor","module","watch","require","v","startup"],"mappings":"AAAA,IAAIA,MAAJ;AAAWC,OAAOC,KAAP,CAAaC,QAAQ,eAAR,CAAb,EAAsC;AAACH,SAAOI,CAAP,EAAS;AAACJ,aAAOI,CAAP;AAAS;;AAApB,CAAtC,EAA4D,CAA5D;AAA+DH,OAAOC,KAAP,CAAaC,QAAQ,4BAAR,CAAb;AAAoDF,OAAOC,KAAP,CAAaC,QAAQ,yBAAR,CAAb;AAI9HH,OAAOK,OAAP,CAAe,MAAM,CACnB;AACD,CAFD","file":"server/main.js.map","sourcesContent":["import { Meteor } from 'meteor/meteor';\nimport '../imports/api/messages.js';\nimport '../imports/api/likes.js';\n\nMeteor.startup(() => {\n  // code to run on server at startup\n});\n"]},"hash":"574057c41710776854cbd4fd2d9507441da1f1de"}
