{"metadata":{"usedHelpers":[],"marked":[],"modules":{"imports":[{"source":"./accounts_tests.js","imported":[],"specifiers":[]},{"source":"./accounts_reconnect_tests.js","imported":[],"specifiers":[]}],"exports":{"exported":[],"specifiers":[]}}},"options":{"filename":"packages/accounts-base/server_tests.js","filenameRelative":"packages/accounts-base/server_tests.js","env":{"development":{"plugins":[]}},"retainLines":false,"highlightCode":true,"suppressDeprecationMessages":false,"presets":[],"plugins":[[[],null],[[],null],[[],null],[[],null],[[],null],[[],null],[[],{"generateLetDeclarations":true,"enforceStrictMode":false}],[[],{"polyfill":false}],[[],null],[[],null],[[],null],[[],{"useNativeAsyncAwait":false}],[[],null],[[],null],[[],{"allowTopLevelThis":true,"strict":false,"loose":true}]],"ignore":[],"code":true,"metadata":true,"ast":true,"comments":true,"compact":false,"minified":false,"sourceMap":true,"sourceMaps":true,"sourceMapTarget":"packages/accounts-base/server_tests.js.map","sourceFileName":"packages/accounts-base/server_tests.js","babelrc":false,"sourceType":"module","moduleIds":false,"passPerPreset":false,"parserOpts":false,"generatorOpts":false,"basename":"server_tests"},"ignored":false,"code":"module.watch(require(\"./accounts_tests.js\"));\nmodule.watch(require(\"./accounts_reconnect_tests.js\"));","map":{"version":3,"sources":["packages/accounts-base/server_tests.js"],"names":["module","watch","require"],"mappings":"AAAAA,OAAOC,KAAP,CAAaC,QAAQ,qBAAR,CAAb;AAA6CF,OAAOC,KAAP,CAAaC,QAAQ,+BAAR,CAAb","file":"packages/accounts-base/server_tests.js.map","sourcesContent":["import \"./accounts_tests.js\";\nimport \"./accounts_reconnect_tests.js\";\n"]},"hash":"773649f8849b17c73e320728521e2e854ee98d81"}
