{"metadata":{"usedHelpers":[],"marked":[],"modules":{"imports":[{"source":"./accounts_server.js","imported":["AccountsServer"],"specifiers":[{"kind":"named","imported":"AccountsServer","local":"AccountsServer"}]}],"exports":{"exported":[],"specifiers":[]}}},"options":{"filename":"packages/accounts-base/url_server.js","filenameRelative":"packages/accounts-base/url_server.js","env":{"development":{"plugins":[]}},"retainLines":false,"highlightCode":true,"suppressDeprecationMessages":false,"presets":[],"plugins":[[[],null],[[],null],[[],null],[[],null],[[],null],[[],null],[[],{"generateLetDeclarations":true,"enforceStrictMode":false}],[[],{"polyfill":false}],[[],null],[[],null],[[],null],[[],{"useNativeAsyncAwait":false}],[[],null],[[],null],[[],{"allowTopLevelThis":true,"strict":false,"loose":true}]],"ignore":[],"code":true,"metadata":true,"ast":true,"comments":true,"compact":false,"minified":false,"sourceMap":true,"sourceMaps":true,"sourceMapTarget":"packages/accounts-base/url_server.js.map","sourceFileName":"packages/accounts-base/url_server.js","babelrc":false,"sourceType":"module","moduleIds":false,"passPerPreset":false,"parserOpts":false,"generatorOpts":false,"basename":"url_server"},"ignored":false,"code":"let AccountsServer;\nmodule.watch(require(\"./accounts_server.js\"), {\n  AccountsServer(v) {\n    AccountsServer = v;\n  }\n\n}, 0);\n// XXX These should probably not actually be public?\nAccountsServer.prototype.urls = {\n  resetPassword: function (token) {\n    return Meteor.absoluteUrl('#/reset-password/' + token);\n  },\n  verifyEmail: function (token) {\n    return Meteor.absoluteUrl('#/verify-email/' + token);\n  },\n  enrollAccount: function (token) {\n    return Meteor.absoluteUrl('#/enroll-account/' + token);\n  }\n};","map":{"version":3,"sources":["packages/accounts-base/url_server.js"],"names":["AccountsServer","module","watch","require","v","prototype","urls","resetPassword","token","Meteor","absoluteUrl","verifyEmail","enrollAccount"],"mappings":"AAAA,IAAIA,cAAJ;AAAmBC,OAAOC,KAAP,CAAaC,QAAQ,sBAAR,CAAb,EAA6C;AAACH,iBAAeI,CAAf,EAAiB;AAACJ,qBAAeI,CAAf;AAAiB;;AAApC,CAA7C,EAAmF,CAAnF;AAEnB;AAEAJ,eAAeK,SAAf,CAAyBC,IAAzB,GAAgC;AAC9BC,iBAAe,UAAUC,KAAV,EAAiB;AAC9B,WAAOC,OAAOC,WAAP,CAAmB,sBAAsBF,KAAzC,CAAP;AACD,GAH6B;AAK9BG,eAAa,UAAUH,KAAV,EAAiB;AAC5B,WAAOC,OAAOC,WAAP,CAAmB,oBAAoBF,KAAvC,CAAP;AACD,GAP6B;AAS9BI,iBAAe,UAAUJ,KAAV,EAAiB;AAC9B,WAAOC,OAAOC,WAAP,CAAmB,sBAAsBF,KAAzC,CAAP;AACD;AAX6B,CAAhC","file":"packages/accounts-base/url_server.js.map","sourcesContent":["import {AccountsServer} from \"./accounts_server.js\";\n\n// XXX These should probably not actually be public?\n\nAccountsServer.prototype.urls = {\n  resetPassword: function (token) {\n    return Meteor.absoluteUrl('#/reset-password/' + token);\n  },\n\n  verifyEmail: function (token) {\n    return Meteor.absoluteUrl('#/verify-email/' + token);\n  },\n\n  enrollAccount: function (token) {\n    return Meteor.absoluteUrl('#/enroll-account/' + token);\n  }\n};\n"]},"hash":"7c6a68a80bb54cdb51abe4831ca3ef47b12e0036"}
