{"metadata":{"usedHelpers":[],"marked":[],"modules":{"imports":[{"source":"./accounts_client.js","imported":["AccountsClient"],"specifiers":[{"kind":"named","imported":"AccountsClient","local":"AccountsClient"}]},{"source":"./url_client.js","imported":["AccountsTest"],"specifiers":[{"kind":"named","imported":"AccountsTest","local":"AccountsTest"}]},{"source":"./localstorage_token.js","imported":[],"specifiers":[]}],"exports":{"exported":["AccountsClient","AccountsTest"],"specifiers":[{"kind":"local","local":"AccountsClient","exported":"AccountsClient"},{"kind":"local","local":"AccountsTest","exported":"AccountsTest"}]}}},"options":{"filename":"packages/accounts-base/client_main.js","filenameRelative":"packages/accounts-base/client_main.js","env":{"development":{"plugins":[]}},"retainLines":false,"highlightCode":true,"suppressDeprecationMessages":false,"presets":[],"plugins":[[[],null],[[],null],[[],null],[[],null],[[],null],[[],null],[[],{"generateLetDeclarations":true,"enforceStrictMode":false}],[[],{"polyfill":false}],[[],null],[[],null],[[],null],[[],{"useNativeAsyncAwait":false}],[[],null],[[],null],[[],{"allowTopLevelThis":true,"strict":false,"loose":true}]],"ignore":[],"code":true,"metadata":true,"ast":true,"comments":true,"compact":false,"minified":false,"sourceMap":true,"sourceMaps":true,"sourceMapTarget":"packages/accounts-base/client_main.js.map","sourceFileName":"packages/accounts-base/client_main.js","babelrc":false,"sourceType":"module","moduleIds":false,"passPerPreset":false,"parserOpts":false,"generatorOpts":false,"basename":"client_main"},"ignored":false,"code":"const module1 = module;\nmodule1.export({\n  AccountsClient: () => AccountsClient,\n  AccountsTest: () => AccountsTest\n});\nlet AccountsClient;\nmodule1.watch(require(\"./accounts_client.js\"), {\n  AccountsClient(v) {\n    AccountsClient = v;\n  }\n\n}, 0);\nlet AccountsTest;\nmodule1.watch(require(\"./url_client.js\"), {\n  AccountsTest(v) {\n    AccountsTest = v;\n  }\n\n}, 1);\nmodule1.watch(require(\"./localstorage_token.js\"));\n/**\n * @namespace Accounts\n * @summary The namespace for all client-side accounts-related methods.\n */Accounts = new AccountsClient(); /**\n                                     * @summary A [Mongo.Collection](#collections) containing user documents.\n                                     * @locus Anywhere\n                                     * @type {Mongo.Collection}\n                                     * @importFromPackage meteor\n                                     */\nMeteor.users = Accounts.users;","map":{"version":3,"sources":["packages/accounts-base/client_main.js"],"names":["module1","module","export","AccountsClient","AccountsTest","watch","require","v","Accounts","Meteor","users"],"mappings":"AAAA,MAAMA,UAAQC,MAAd;AAAqBD,QAAQE,MAAR,CAAe;AAACC,kBAAe,MAAIA,cAApB;AAAmCC,gBAAa,MAAIA;AAApD,CAAf;AAAkF,IAAID,cAAJ;AAAmBH,QAAQK,KAAR,CAAcC,QAAQ,sBAAR,CAAd,EAA8C;AAACH,iBAAeI,CAAf,EAAiB;AAACJ,qBAAeI,CAAf;AAAiB;;AAApC,CAA9C,EAAoF,CAApF;AAAuF,IAAIH,YAAJ;AAAiBJ,QAAQK,KAAR,CAAcC,QAAQ,iBAAR,CAAd,EAAyC;AAACF,eAAaG,CAAb,EAAe;AAACH,mBAAaG,CAAb;AAAe;;AAAhC,CAAzC,EAA2E,CAA3E;AAA8EP,QAAQK,KAAR,CAAcC,QAAQ,yBAAR,CAAd;AAIhT;;;GAIAE,WAAW,IAAIL,cAAJ,EAAX,C,CAEA;;;;;;AAMAM,OAAOC,KAAP,GAAeF,SAASE,KAAxB","file":"packages/accounts-base/client_main.js.map","sourcesContent":["import {AccountsClient} from \"./accounts_client.js\";\nimport {AccountsTest} from \"./url_client.js\";\nimport \"./localstorage_token.js\";\n\n/**\n * @namespace Accounts\n * @summary The namespace for all client-side accounts-related methods.\n */\nAccounts = new AccountsClient();\n\n/**\n * @summary A [Mongo.Collection](#collections) containing user documents.\n * @locus Anywhere\n * @type {Mongo.Collection}\n * @importFromPackage meteor\n */\nMeteor.users = Accounts.users;\n\nexport {\n  // Since this file is the main module for the client version of the\n  // accounts-base package, properties of non-entry-point modules need to\n  // be re-exported in order to be accessible to modules that import the\n  // accounts-base package.\n  AccountsClient,\n  AccountsTest,\n};\n"]},"hash":"8588a078b41fc00af42b2d8ddb7a62eb25ded732"}
