{"metadata":{"usedHelpers":[],"marked":[],"modules":{"imports":[{"source":"meteor/templating","imported":["Template"],"specifiers":[{"kind":"named","imported":"Template","local":"Template"}]},{"source":"./message.html","imported":[],"specifiers":[]},{"source":"./like.html","imported":[],"specifiers":[]},{"source":"./like.js","imported":[],"specifiers":[]}],"exports":{"exported":[],"specifiers":[]}}},"options":{"filename":"imports/ui/message.js","filenameRelative":"imports/ui/message.js","env":{"development":{"plugins":[]}},"retainLines":false,"highlightCode":true,"suppressDeprecationMessages":false,"presets":[],"plugins":[[[],{"generateLetDeclarations":true,"enforceStrictMode":false}],[[],null],[[],{"polyfill":false}],[[],null],[[],null],[[],null],[[],{"allowTopLevelThis":true,"strict":false,"loose":true}],[[],null],[[],null],[[],null],[[],null],[[],null],[[],null],[[],null],[[],null],[[],null],[[],null],[[],null],[[],null],[[],{"loose":true}],[[],{"loose":true}],[[],null],[[],{"loose":true}],[[],null],[[],null],[[],null],[[],null],[[],null],[[],null],[[],{"loose":true}],[[],null],[[],null],[[],null],[[],null],[[],null],[[],null],[[],null]],"ignore":[],"code":true,"metadata":true,"ast":true,"comments":true,"compact":false,"minified":false,"sourceMap":true,"sourceMaps":true,"sourceMapTarget":"imports/ui/message.js.map","sourceFileName":"imports/ui/message.js","babelrc":false,"sourceType":"module","moduleIds":false,"passPerPreset":false,"parserOpts":false,"generatorOpts":false,"basename":"message"},"ignored":false,"code":"var Template = void 0;\nmodule.watch(require(\"meteor/templating\"), {\n  Template: function (v) {\n    Template = v;\n  }\n}, 0);\nmodule.watch(require(\"./message.html\"));\nmodule.watch(require(\"./like.html\"));\nmodule.watch(require(\"./like.js\"));","map":{"version":3,"sources":["imports/ui/message.js"],"names":["Template","module","watch","require","v"],"mappings":"AAAA,IAAIA,iBAAJ;AAAaC,OAAOC,KAAP,CAAaC,QAAQ,mBAAR,CAAb,EAA0C;AAACH,UAAD,YAAUI,CAAV,EAAY;AAACJ,eAASI,CAAT;AAAW;AAAxB,CAA1C,EAAoE,CAApE;AAAuEH,OAAOC,KAAP,CAAaC,QAAQ,gBAAR,CAAb;AAAwCF,OAAOC,KAAP,CAAaC,QAAQ,aAAR,CAAb;AAAqCF,OAAOC,KAAP,CAAaC,QAAQ,WAAR,CAAb","file":"imports/ui/message.js.map","sourcesContent":["import { Template } from 'meteor/templating';\nimport './message.html';\nimport './like.html';\nimport './like.js';"]},"hash":"94d213d8b714a979f875e0bcf686716a95263067"}
