{"metadata":{"usedHelpers":[],"marked":[],"modules":{"imports":[{"source":"../imports/ui/body.js","imported":[],"specifiers":[]},{"source":"../imports/ui/like.js","imported":[],"specifiers":[]},{"source":"../imports/startup/accounts-config.js","imported":[],"specifiers":[]}],"exports":{"exported":[],"specifiers":[]}}},"options":{"filename":"client/main.js","filenameRelative":"client/main.js","env":{"development":{"plugins":[]}},"retainLines":false,"highlightCode":true,"suppressDeprecationMessages":false,"presets":[],"plugins":[[[],{"generateLetDeclarations":true,"enforceStrictMode":false}],[[],null],[[],{"polyfill":false}],[[],null],[[],null],[[],null],[[],{"allowTopLevelThis":true,"strict":false,"loose":true}],[[],null],[[],null],[[],null],[[],null],[[],null],[[],null],[[],null],[[],null],[[],null],[[],null],[[],null],[[],null],[[],{"loose":true}],[[],{"loose":true}],[[],null],[[],{"loose":true}],[[],null],[[],null],[[],null],[[],null],[[],null],[[],null],[[],{"loose":true}],[[],null],[[],null],[[],null],[[],null],[[],null],[[],null],[[],null]],"ignore":[],"code":true,"metadata":true,"ast":true,"comments":true,"compact":false,"minified":false,"sourceMap":true,"sourceMaps":true,"sourceMapTarget":"client/main.js.map","sourceFileName":"client/main.js","babelrc":false,"sourceType":"module","moduleIds":false,"passPerPreset":false,"parserOpts":false,"generatorOpts":false,"basename":"main"},"ignored":false,"code":"module.watch(require(\"../imports/ui/body.js\"));\nmodule.watch(require(\"../imports/ui/like.js\"));\nmodule.watch(require(\"../imports/startup/accounts-config.js\"));","map":{"version":3,"sources":["client/main.js"],"names":["module","watch","require"],"mappings":"AAAAA,OAAOC,KAAP,CAAaC,QAAQ,uBAAR,CAAb;AAA+CF,OAAOC,KAAP,CAAaC,QAAQ,uBAAR,CAAb;AAA+CF,OAAOC,KAAP,CAAaC,QAAQ,uCAAR,CAAb","file":"client/main.js.map","sourcesContent":["import '../imports/ui/body.js';\nimport '../imports/ui/like.js';\nimport '../imports/startup/accounts-config.js';"]},"hash":"9a4a0cc8493932d3849e4dddd0554cc25413443a"}
