{"metadata":{"usedHelpers":[],"marked":[],"modules":{"imports":[{"source":"meteor/templating","imported":["Template"],"specifiers":[{"kind":"named","imported":"Template","local":"Template"}]},{"source":"./body.html","imported":[],"specifiers":[]},{"source":"./message.js","imported":[],"specifiers":[]},{"source":"./like.html","imported":[],"specifiers":[]},{"source":"./like.js","imported":[],"specifiers":[]},{"source":"meteor/reactive-var","imported":["ReactiveVar"],"specifiers":[{"kind":"named","imported":"ReactiveVar","local":"ReactiveVar"}]},{"source":"../api/messages.js","imported":["Messages"],"specifiers":[{"kind":"named","imported":"Messages","local":"Messages"}]},{"source":"../api/likes.js","imported":["Likes"],"specifiers":[{"kind":"named","imported":"Likes","local":"Likes"}]}],"exports":{"exported":[],"specifiers":[]}}},"options":{"filename":"imports/ui/body.js","filenameRelative":"imports/ui/body.js","env":{"development":{"plugins":[]}},"retainLines":false,"highlightCode":true,"suppressDeprecationMessages":false,"presets":[],"plugins":[[[],null],[[],null],[[],null],[[],null],[[],null],[[],null],[[],{"generateLetDeclarations":true,"enforceStrictMode":false}],[[],{"polyfill":false}],[[],null],[[],null],[[],null],[[],{"useNativeAsyncAwait":false}],[[],null],[[],null],[[],{"allowTopLevelThis":true,"strict":false,"loose":true}]],"ignore":[],"code":true,"metadata":true,"ast":true,"comments":true,"compact":false,"minified":false,"sourceMap":true,"sourceMaps":true,"sourceMapTarget":"imports/ui/body.js.map","sourceFileName":"imports/ui/body.js","babelrc":false,"sourceType":"module","moduleIds":false,"passPerPreset":false,"parserOpts":false,"generatorOpts":false,"basename":"body"},"ignored":false,"code":"let Template;\nmodule.watch(require(\"meteor/templating\"), {\n  Template(v) {\n    Template = v;\n  }\n\n}, 0);\nmodule.watch(require(\"./body.html\"));\nmodule.watch(require(\"./message.js\"));\nmodule.watch(require(\"./like.html\"));\nmodule.watch(require(\"./like.js\"));\nlet ReactiveVar;\nmodule.watch(require(\"meteor/reactive-var\"), {\n  ReactiveVar(v) {\n    ReactiveVar = v;\n  }\n\n}, 1);\nlet Messages;\nmodule.watch(require(\"../api/messages.js\"), {\n  Messages(v) {\n    Messages = v;\n  }\n\n}, 2);\nlet Likes;\nmodule.watch(require(\"../api/likes.js\"), {\n  Likes(v) {\n    Likes = v;\n  }\n\n}, 3);\nTemplate.body.helpers({\n  messages() {\n    return Messages.find();\n  }\n\n});\nTemplate.body.helpers({\n  likes() {\n    return Likes.find();\n  }\n\n});\nTemplate.body.events({\n  'submit .new-message'(event) {\n    // Prevent default browser form submit\n    event.preventDefault(); // Get value from form element\n\n    const target = event.target;\n    const text = target.text.value; // Insert a message into the collection\n\n    Messages.insert({\n      text,\n      createdAt: new Date(),\n      // current time\n      //user information\n      owner: Meteor.userId(),\n      username: Meteor.user().username\n    }); // Clear form\n\n    target.text.value = ''; // scroll to last message\n\n    $('.panel-body').scrollTop($('.media-list').height());\n  },\n\n  // I think the problem is here and below *****************\n  'click .btn'(event, instance) {\n    // increment the counter when button is clicked\n    // Prevent default browser form submit\n    event.preventDefault();\n    const counter = instance.counter.set(instance.counter.get() + 1); // Insert a like into the collection\n\n    Likes.insert({\n      counter\n    });\n  }\n\n}); // .new-message is in body.html but the button class is not! Fix that?!?\n// 'click .btn' (event) {\n//   var counter = 0;\n//   Likes.insert({\n//     counter = counter + 1,\n//    });\n\nTemplate.like.onCreated(function likeOnCreated() {\n  // start with 0 likes\n  this.counter = new ReactiveVar(0);\n});\nTemplate.like.helpers({\n  counter() {\n    return Template.instance().counter.get();\n  }\n\n});\nTemplate.like.events({\n  'click .btn'(event, instance) {\n    // increment the counter when button is clicked\n    instance.counter.set(instance.counter.get() + 1);\n    Likes.insert({\n      counter\n    });\n  }\n\n}); //      console.log(event)","map":{"version":3,"sources":["imports/ui/body.js"],"names":["Template","module","watch","require","v","ReactiveVar","Messages","Likes","body","helpers","messages","find","likes","events","event","preventDefault","target","text","value","insert","createdAt","Date","owner","Meteor","userId","username","user","$","scrollTop","height","instance","counter","set","get","like","onCreated","likeOnCreated"],"mappings":"AAAA,IAAIA,QAAJ;AAAaC,OAAOC,KAAP,CAAaC,QAAQ,mBAAR,CAAb,EAA0C;AAACH,WAASI,CAAT,EAAW;AAACJ,eAASI,CAAT;AAAW;;AAAxB,CAA1C,EAAoE,CAApE;AAAuEH,OAAOC,KAAP,CAAaC,QAAQ,aAAR,CAAb;AAAqCF,OAAOC,KAAP,CAAaC,QAAQ,cAAR,CAAb;AAAsCF,OAAOC,KAAP,CAAaC,QAAQ,aAAR,CAAb;AAAqCF,OAAOC,KAAP,CAAaC,QAAQ,WAAR,CAAb;AAAmC,IAAIE,WAAJ;AAAgBJ,OAAOC,KAAP,CAAaC,QAAQ,qBAAR,CAAb,EAA4C;AAACE,cAAYD,CAAZ,EAAc;AAACC,kBAAYD,CAAZ;AAAc;;AAA9B,CAA5C,EAA4E,CAA5E;AAA+E,IAAIE,QAAJ;AAAaL,OAAOC,KAAP,CAAaC,QAAQ,oBAAR,CAAb,EAA2C;AAACG,WAASF,CAAT,EAAW;AAACE,eAASF,CAAT;AAAW;;AAAxB,CAA3C,EAAqE,CAArE;AAAwE,IAAIG,KAAJ;AAAUN,OAAOC,KAAP,CAAaC,QAAQ,iBAAR,CAAb,EAAwC;AAACI,QAAMH,CAAN,EAAQ;AAACG,YAAMH,CAAN;AAAQ;;AAAlB,CAAxC,EAA4D,CAA5D;AAQraJ,SAASQ,IAAT,CAAcC,OAAd,CAAsB;AACnBC,aAAW;AACV,WAAOJ,SAASK,IAAT,EAAP;AACA;;AAHkB,CAAtB;AAOAX,SAASQ,IAAT,CAAcC,OAAd,CAAsB;AACnBG,UAAQ;AACP,WAAOL,MAAMI,IAAN,EAAP;AACA;;AAHkB,CAAtB;AAMAX,SAASQ,IAAT,CAAcK,MAAd,CAAqB;AAClB,wBAAsBC,KAAtB,EAA6B;AAC3B;AACAA,UAAMC,cAAN,GAF2B,CAG3B;;AACA,UAAMC,SAASF,MAAME,MAArB;AACA,UAAMC,OAAOD,OAAOC,IAAP,CAAYC,KAAzB,CAL2B,CAM3B;;AACAZ,aAASa,MAAT,CAAgB;AACdF,UADc;AAEdG,iBAAW,IAAIC,IAAJ,EAFG;AAES;AAC3B;AACGC,aAAOC,OAAOC,MAAP,EAJQ;AAISC,gBAASF,OAAOG,IAAP,GAAcD;AAJhC,KAAhB,EAP2B,CAa3B;;AACAT,WAAOC,IAAP,CAAYC,KAAZ,GAAoB,EAApB,CAd2B,CAe3B;;AACAS,MAAE,aAAF,EAAiBC,SAAjB,CAA2BD,EAAE,aAAF,EAAiBE,MAAjB,EAA3B;AACH,GAlBmB;;AAqBrB;AAEI,eAAaf,KAAb,EAAoBgB,QAApB,EAA8B;AAC5B;AAEA;AACAhB,UAAMC,cAAN;AACA,UAAMgB,UAAUD,SAASC,OAAT,CAAiBC,GAAjB,CAAqBF,SAASC,OAAT,CAAiBE,GAAjB,KAAyB,CAA9C,CAAhB,CAL4B,CAM5B;;AAEA1B,UAAMY,MAAN,CAAa;AACXY;AADW,KAAb;AAGH;;AAlCkB,CAArB,E,CAqCA;AAEE;AACA;AACA;AACA;AACA;;AAEF/B,SAASkC,IAAT,CAAcC,SAAd,CAAwB,SAASC,aAAT,GAAyB;AAC/C;AACA,OAAKL,OAAL,GAAe,IAAI1B,WAAJ,CAAgB,CAAhB,CAAf;AACD,CAHD;AAKAL,SAASkC,IAAT,CAAczB,OAAd,CAAsB;AACpBsB,YAAU;AACR,WAAO/B,SAAS8B,QAAT,GAAoBC,OAApB,CAA4BE,GAA5B,EAAP;AACD;;AAHmB,CAAtB;AAMAjC,SAASkC,IAAT,CAAcrB,MAAd,CAAqB;AACnB,eAAaC,KAAb,EAAoBgB,QAApB,EAA8B;AAC5B;AACAA,aAASC,OAAT,CAAiBC,GAAjB,CAAqBF,SAASC,OAAT,CAAiBE,GAAjB,KAAyB,CAA9C;AACA1B,UAAMY,MAAN,CAAa;AACXY;AADW,KAAb;AAGD;;AAPkB,CAArB,E,CAUA","file":"imports/ui/body.js.map","sourcesContent":["import { Template } from 'meteor/templating';\nimport './body.html';\nimport './message.js';\nimport './like.html';\nimport './like.js';\nimport { ReactiveVar } from 'meteor/reactive-var';\n\nimport { Messages } from '../api/messages.js';\nTemplate.body.helpers({\n   messages() {\n    return Messages.find();\n   },\n});\n\nimport { Likes } from '../api/likes.js';\nTemplate.body.helpers({\n   likes() {\n    return Likes.find();\n   },\n});\n\nTemplate.body.events({\n   'submit .new-message'(event) {\n     // Prevent default browser form submit\n     event.preventDefault();\n     // Get value from form element\n     const target = event.target;\n     const text = target.text.value;\n     // Insert a message into the collection\n     Messages.insert({\n       text,\n       createdAt: new Date(), // current time\n \t //user information\n      owner: Meteor.userId(), username:Meteor.user().username,\n     });\n     // Clear form\n     target.text.value = '';\n     // scroll to last message\n     $('.panel-body').scrollTop($('.media-list').height())\n\t},\n\n\n// I think the problem is here and below *****************\n\n    'click .btn'(event, instance) {\n      // increment the counter when button is clicked\n\n      // Prevent default browser form submit\n      event.preventDefault();\n      const counter = instance.counter.set(instance.counter.get() + 1);\n      // Insert a like into the collection\n      \n      Likes.insert({\n        counter,\n      });\n  },\n});\n\n// .new-message is in body.html but the button class is not! Fix that?!?\n\n  // 'click .btn' (event) {\n  //   var counter = 0;\n  //   Likes.insert({\n  //     counter = counter + 1,\n  //    });\n\nTemplate.like.onCreated(function likeOnCreated() {\n  // start with 0 likes\n  this.counter = new ReactiveVar(0);\n});\n\nTemplate.like.helpers({\n  counter() {\n    return Template.instance().counter.get();\n  },\n});\n\nTemplate.like.events({\n  'click .btn'(event, instance) {\n    // increment the counter when button is clicked\n    instance.counter.set(instance.counter.get() + 1);\n    Likes.insert({\n      counter, \n    });\n  },\n});\n\n//      console.log(event)\n"]},"hash":"ae7feb5b85607df37ed9acbbbe1b6ada1a5ed0f6"}
