{"metadata":{"usedHelpers":[],"marked":[],"modules":{"imports":[{"source":"meteor/templating","imported":["Template"],"specifiers":[{"kind":"named","imported":"Template","local":"Template"}]},{"source":"./body.html","imported":[],"specifiers":[]},{"source":"./message.js","imported":[],"specifiers":[]},{"source":"./like.html","imported":[],"specifiers":[]},{"source":"./like.js","imported":[],"specifiers":[]},{"source":"meteor/reactive-var","imported":["ReactiveVar"],"specifiers":[{"kind":"named","imported":"ReactiveVar","local":"ReactiveVar"}]},{"source":"../api/messages.js","imported":["Messages"],"specifiers":[{"kind":"named","imported":"Messages","local":"Messages"}]},{"source":"../api/likes.js","imported":["Likes"],"specifiers":[{"kind":"named","imported":"Likes","local":"Likes"}]}],"exports":{"exported":[],"specifiers":[]}}},"options":{"filename":"imports/ui/body.js","filenameRelative":"imports/ui/body.js","env":{"development":{"plugins":[]}},"retainLines":false,"highlightCode":true,"suppressDeprecationMessages":false,"presets":[],"plugins":[[[],{"generateLetDeclarations":true,"enforceStrictMode":false}],[[],null],[[],{"polyfill":false}],[[],null],[[],null],[[],null],[[],{"allowTopLevelThis":true,"strict":false,"loose":true}],[[],null],[[],null],[[],null],[[],null],[[],null],[[],null],[[],null],[[],null],[[],null],[[],null],[[],null],[[],null],[[],{"loose":true}],[[],{"loose":true}],[[],null],[[],{"loose":true}],[[],null],[[],null],[[],null],[[],null],[[],null],[[],null],[[],{"loose":true}],[[],null],[[],null],[[],null],[[],null],[[],null],[[],null],[[],null]],"ignore":[],"code":true,"metadata":true,"ast":true,"comments":true,"compact":false,"minified":false,"sourceMap":true,"sourceMaps":true,"sourceMapTarget":"imports/ui/body.js.map","sourceFileName":"imports/ui/body.js","babelrc":false,"sourceType":"module","moduleIds":false,"passPerPreset":false,"parserOpts":false,"generatorOpts":false,"basename":"body"},"ignored":false,"code":"var Template = void 0;\nmodule.watch(require(\"meteor/templating\"), {\n  Template: function (v) {\n    Template = v;\n  }\n}, 0);\nmodule.watch(require(\"./body.html\"));\nmodule.watch(require(\"./message.js\"));\nmodule.watch(require(\"./like.html\"));\nmodule.watch(require(\"./like.js\"));\nvar ReactiveVar = void 0;\nmodule.watch(require(\"meteor/reactive-var\"), {\n  ReactiveVar: function (v) {\n    ReactiveVar = v;\n  }\n}, 1);\nvar Messages = void 0;\nmodule.watch(require(\"../api/messages.js\"), {\n  Messages: function (v) {\n    Messages = v;\n  }\n}, 2);\nvar Likes = void 0;\nmodule.watch(require(\"../api/likes.js\"), {\n  Likes: function (v) {\n    Likes = v;\n  }\n}, 3);\nTemplate.body.helpers({\n  messages: function () {\n    return Messages.find();\n  }\n});\nTemplate.body.helpers({\n  likes: function () {\n    return Likes.find();\n  }\n});\nTemplate.body.events({\n  'submit .new-message': function (event) {\n    // Prevent default browser form submit\n    event.preventDefault(); // Get value from form element\n\n    var target = event.target;\n    var text = target.text.value; // Insert a message into the collection\n\n    Messages.insert({\n      text: text,\n      createdAt: new Date(),\n      // current time\n      //user information\n      owner: Meteor.userId(),\n      username: Meteor.user().username\n    }); // Clear form\n\n    target.text.value = ''; // scroll to last message\n\n    $('.panel-body').scrollTop($('.media-list').height());\n  }\n} // I think the problem is here and below *****************\n//     'click .btn'(event, instance) {\n//       // increment the counter when button is clicked\n//       // Prevent default browser form submit\n//       event.preventDefault();\n//       const counter = instance.counter.set(instance.counter.get() + 1);\n//       // Insert a like into the collection\n//       Likes.insert({\n//         counter,\n//       });\n//   },\n// });\n// .new-message is in body.html but the button class is not! Fix that?!?\n// 'click .btn' (event) {\n//   var counter = 0;\n//   Likes.insert({\n//     counter = counter + 1,\n//    });\n// Template.like.onCreated(function likeOnCreated() {\n//   // start with 0 likes\n//   this.counter = new ReactiveVar(0);\n// });\n// Template.like.helpers({\n//   counter() {\n//     return Template.instance().counter.get();\n//   },\n// });\n// Template.like.events({\n//   'click .btn'(event, instance) {\n//     // increment the counter when button is clicked\n//     instance.counter.set(instance.counter.get() + 1);\n//     Likes.insert({\n//       counter, \n//     });\n//   },\n); //      console.log(event)","map":{"version":3,"sources":["imports/ui/body.js"],"names":["Template","module","watch","require","v","ReactiveVar","Messages","Likes","body","helpers","messages","find","likes","events","event","preventDefault","target","text","value","insert","createdAt","Date","owner","Meteor","userId","username","user","$","scrollTop","height"],"mappings":"AAAA,IAAIA,iBAAJ;AAAaC,OAAOC,KAAP,CAAaC,QAAQ,mBAAR,CAAb,EAA0C;AAACH,UAAD,YAAUI,CAAV,EAAY;AAACJ,eAASI,CAAT;AAAW;AAAxB,CAA1C,EAAoE,CAApE;AAAuEH,OAAOC,KAAP,CAAaC,QAAQ,aAAR,CAAb;AAAqCF,OAAOC,KAAP,CAAaC,QAAQ,cAAR,CAAb;AAAsCF,OAAOC,KAAP,CAAaC,QAAQ,aAAR,CAAb;AAAqCF,OAAOC,KAAP,CAAaC,QAAQ,WAAR,CAAb;AAAmC,IAAIE,oBAAJ;AAAgBJ,OAAOC,KAAP,CAAaC,QAAQ,qBAAR,CAAb,EAA4C;AAACE,aAAD,YAAaD,CAAb,EAAe;AAACC,kBAAYD,CAAZ;AAAc;AAA9B,CAA5C,EAA4E,CAA5E;AAA+E,IAAIE,iBAAJ;AAAaL,OAAOC,KAAP,CAAaC,QAAQ,oBAAR,CAAb,EAA2C;AAACG,UAAD,YAAUF,CAAV,EAAY;AAACE,eAASF,CAAT;AAAW;AAAxB,CAA3C,EAAqE,CAArE;AAAwE,IAAIG,cAAJ;AAAUN,OAAOC,KAAP,CAAaC,QAAQ,iBAAR,CAAb,EAAwC;AAACI,OAAD,YAAOH,CAAP,EAAS;AAACG,YAAMH,CAAN;AAAQ;AAAlB,CAAxC,EAA4D,CAA5D;AAQraJ,SAASQ,IAAT,CAAcC,OAAd,CAAsB;AACnBC,UADmB,cACR;AACV,WAAOJ,SAASK,IAAT,EAAP;AACA;AAHkB,CAAtB;AAOAX,SAASQ,IAAT,CAAcC,OAAd,CAAsB;AACnBG,OADmB,cACX;AACP,WAAOL,MAAMI,IAAN,EAAP;AACA;AAHkB,CAAtB;AAMAX,SAASQ,IAAT,CAAcK,MAAd,CAAqB;AAClB,uBADkB,YACIC,KADJ,EACW;AAC3B;AACAA,UAAMC,cAAN,GAF2B,CAG3B;;AACA,QAAMC,SAASF,MAAME,MAArB;AACA,QAAMC,OAAOD,OAAOC,IAAP,CAAYC,KAAzB,CAL2B,CAM3B;;AACAZ,aAASa,MAAT,CAAgB;AACdF,gBADc;AAEdG,iBAAW,IAAIC,IAAJ,EAFG;AAES;AAC3B;AACGC,aAAOC,OAAOC,MAAP,EAJQ;AAISC,gBAASF,OAAOG,IAAP,GAAcD;AAJhC,KAAhB,EAP2B,CAa3B;;AACAT,WAAOC,IAAP,CAAYC,KAAZ,GAAoB,EAApB,CAd2B,CAe3B;;AACAS,MAAE,aAAF,EAAiBC,SAAjB,CAA2BD,EAAE,aAAF,EAAiBE,MAAjB,EAA3B;AACH;AAlBmB,CAArB,CAqBA;AAEA;AACA;AAEA;AACA;AACA;AACA;AACA;AACA;AACA;AACA;AACA;AAEA;AAEE;AACA;AACA;AACA;AACA;AAEF;AACA;AACA;AACA;AAEA;AACA;AACA;AACA;AACA;AAEA;AACA;AACA;AACA;AACA;AACA;AACA;AACA;AA9DA,E,CAiEA","file":"imports/ui/body.js.map","sourcesContent":["import { Template } from 'meteor/templating';\nimport './body.html';\nimport './message.js';\nimport './like.html';\nimport './like.js';\nimport { ReactiveVar } from 'meteor/reactive-var';\n\nimport { Messages } from '../api/messages.js';\nTemplate.body.helpers({\n   messages() {\n    return Messages.find();\n   },\n});\n\nimport { Likes } from '../api/likes.js';\nTemplate.body.helpers({\n   likes() {\n    return Likes.find();\n   },\n});\n\nTemplate.body.events({\n   'submit .new-message'(event) {\n     // Prevent default browser form submit\n     event.preventDefault();\n     // Get value from form element\n     const target = event.target;\n     const text = target.text.value;\n     // Insert a message into the collection\n     Messages.insert({\n       text,\n       createdAt: new Date(), // current time\n \t //user information\n      owner: Meteor.userId(), username:Meteor.user().username,\n     });\n     // Clear form\n     target.text.value = '';\n     // scroll to last message\n     $('.panel-body').scrollTop($('.media-list').height())\n\t},\n\n\n// I think the problem is here and below *****************\n\n//     'click .btn'(event, instance) {\n//       // increment the counter when button is clicked\n\n//       // Prevent default browser form submit\n//       event.preventDefault();\n//       const counter = instance.counter.set(instance.counter.get() + 1);\n//       // Insert a like into the collection\n//       Likes.insert({\n//         counter,\n//       });\n//   },\n// });\n\n// .new-message is in body.html but the button class is not! Fix that?!?\n\n  // 'click .btn' (event) {\n  //   var counter = 0;\n  //   Likes.insert({\n  //     counter = counter + 1,\n  //    });\n\n// Template.like.onCreated(function likeOnCreated() {\n//   // start with 0 likes\n//   this.counter = new ReactiveVar(0);\n// });\n\n// Template.like.helpers({\n//   counter() {\n//     return Template.instance().counter.get();\n//   },\n// });\n\n// Template.like.events({\n//   'click .btn'(event, instance) {\n//     // increment the counter when button is clicked\n//     instance.counter.set(instance.counter.get() + 1);\n//     Likes.insert({\n//       counter, \n//     });\n//   },\n});\n\n//      console.log(event)\n"]},"hash":"b6f95b9c1e7f5feb695dde5d889e3a49cbcb795d"}
