{"metadata":{"usedHelpers":[],"marked":[],"modules":{"imports":[{"source":"meteor/mongo","imported":["Mongo"],"specifiers":[{"kind":"named","imported":"Mongo","local":"Mongo"}]}],"exports":{"exported":["Likes"],"specifiers":[{"kind":"local","local":"Likes","exported":"Likes"}]}}},"options":{"filename":"imports/api/likes.js","filenameRelative":"imports/api/likes.js","env":{"development":{"plugins":[]}},"retainLines":false,"highlightCode":true,"suppressDeprecationMessages":false,"presets":[],"plugins":[[[],{"generateLetDeclarations":true,"enforceStrictMode":false}],[[],null],[[],{"polyfill":false}],[[],null],[[],null],[[],null],[[],{"allowTopLevelThis":true,"strict":false,"loose":true}],[[],null],[[],null],[[],null],[[],null],[[],null],[[],null],[[],null],[[],null],[[],null],[[],null],[[],null],[[],null],[[],{"loose":true}],[[],{"loose":true}],[[],null],[[],{"loose":true}],[[],null],[[],null],[[],null],[[],null],[[],null],[[],null],[[],{"loose":true}],[[],null],[[],null],[[],null],[[],null],[[],null],[[],null],[[],null]],"ignore":[],"code":true,"metadata":true,"ast":true,"comments":true,"compact":false,"minified":false,"sourceMap":true,"sourceMaps":true,"sourceMapTarget":"imports/api/likes.js.map","sourceFileName":"imports/api/likes.js","babelrc":false,"sourceType":"module","moduleIds":false,"passPerPreset":false,"parserOpts":false,"generatorOpts":false,"basename":"likes"},"ignored":false,"code":"module.export({\n  Likes: function () {\n    return Likes;\n  }\n});\nvar Mongo = void 0;\nmodule.watch(require(\"meteor/mongo\"), {\n  Mongo: function (v) {\n    Mongo = v;\n  }\n}, 0);\nvar Likes = new Mongo.Collection('likes');","map":{"version":3,"sources":["imports/api/likes.js"],"names":["module","export","Likes","Mongo","watch","require","v","Collection"],"mappings":"AAAAA,OAAOC,MAAP,CAAc;AAACC,SAAM;AAAA,WAAIA,KAAJ;AAAA;AAAP,CAAd;AAAiC,IAAIC,cAAJ;AAAUH,OAAOI,KAAP,CAAaC,QAAQ,cAAR,CAAb,EAAqC;AAACF,OAAD,YAAOG,CAAP,EAAS;AAACH,YAAMG,CAAN;AAAQ;AAAlB,CAArC,EAAyD,CAAzD;AACpC,IAAMJ,QAAQ,IAAIC,MAAMI,UAAV,CAAqB,OAArB,CAAd","file":"imports/api/likes.js.map","sourcesContent":["import { Mongo } from 'meteor/mongo';\nexport const Likes = new Mongo.Collection('likes');"]},"hash":"b71f3c54866446235b3b8330f54415ef0b45b9cf"}
