{"metadata":{"usedHelpers":[],"marked":[],"modules":{"imports":[{"source":"./accounts_server.js","imported":["AccountsServer"],"specifiers":[{"kind":"named","imported":"AccountsServer","local":"AccountsServer"}]},{"source":"./accounts_rate_limit.js","imported":[],"specifiers":[]},{"source":"./url_server.js","imported":[],"specifiers":[]}],"exports":{"exported":["AccountsServer"],"specifiers":[{"kind":"local","local":"AccountsServer","exported":"AccountsServer"}]}}},"options":{"filename":"packages/accounts-base/server_main.js","filenameRelative":"packages/accounts-base/server_main.js","env":{"development":{"plugins":[]}},"retainLines":false,"highlightCode":true,"suppressDeprecationMessages":false,"presets":[],"plugins":[[[],null],[[],null],[[],null],[[],null],[[],null],[[],null],[[],{"generateLetDeclarations":true,"enforceStrictMode":false}],[[],{"polyfill":false}],[[],null],[[],null],[[],null],[[],{"useNativeAsyncAwait":false}],[[],null],[[],null],[[],{"allowTopLevelThis":true,"strict":false,"loose":true}]],"ignore":[],"code":true,"metadata":true,"ast":true,"comments":true,"compact":false,"minified":false,"sourceMap":true,"sourceMaps":true,"sourceMapTarget":"packages/accounts-base/server_main.js.map","sourceFileName":"packages/accounts-base/server_main.js","babelrc":false,"sourceType":"module","moduleIds":false,"passPerPreset":false,"parserOpts":false,"generatorOpts":false,"basename":"server_main"},"ignored":false,"code":"const module1 = module;\nmodule1.export({\n  AccountsServer: () => AccountsServer\n});\nlet AccountsServer;\nmodule1.watch(require(\"./accounts_server.js\"), {\n  AccountsServer(v) {\n    AccountsServer = v;\n  }\n\n}, 0);\nmodule1.watch(require(\"./accounts_rate_limit.js\"));\nmodule1.watch(require(\"./url_server.js\"));\n/**\n * @namespace Accounts\n * @summary The namespace for all server-side accounts-related methods.\n */Accounts = new AccountsServer(Meteor.server); // Users table. Don't use the normal autopublish, since we want to hide\n// some fields. Code to autopublish this is in accounts_server.js.\n// XXX Allow users to configure this collection name.\n/**\n * @summary A [Mongo.Collection](#collections) containing user documents.\n * @locus Anywhere\n * @type {Mongo.Collection}\n * @importFromPackage meteor\n*/\nMeteor.users = Accounts.users;","map":{"version":3,"sources":["packages/accounts-base/server_main.js"],"names":["module1","module","export","AccountsServer","watch","require","v","Accounts","Meteor","server","users"],"mappings":"AAAA,MAAMA,UAAQC,MAAd;AAAqBD,QAAQE,MAAR,CAAe;AAACC,kBAAe,MAAIA;AAApB,CAAf;AAAoD,IAAIA,cAAJ;AAAmBH,QAAQI,KAAR,CAAcC,QAAQ,sBAAR,CAAd,EAA8C;AAACF,iBAAeG,CAAf,EAAiB;AAACH,qBAAeG,CAAf;AAAiB;;AAApC,CAA9C,EAAoF,CAApF;AAAuFN,QAAQI,KAAR,CAAcC,QAAQ,0BAAR,CAAd;AAAmDL,QAAQI,KAAR,CAAcC,QAAQ,iBAAR,CAAd;AAItO;;;GAIAE,WAAW,IAAIJ,cAAJ,CAAmBK,OAAOC,MAA1B,CAAX,C,CAEA;AACA;AACA;AAEA;;;;;;AAMAD,OAAOE,KAAP,GAAeH,SAASG,KAAxB","file":"packages/accounts-base/server_main.js.map","sourcesContent":["import {AccountsServer} from \"./accounts_server.js\";\nimport \"./accounts_rate_limit.js\";\nimport \"./url_server.js\";\n\n/**\n * @namespace Accounts\n * @summary The namespace for all server-side accounts-related methods.\n */\nAccounts = new AccountsServer(Meteor.server);\n\n// Users table. Don't use the normal autopublish, since we want to hide\n// some fields. Code to autopublish this is in accounts_server.js.\n// XXX Allow users to configure this collection name.\n\n/**\n * @summary A [Mongo.Collection](#collections) containing user documents.\n * @locus Anywhere\n * @type {Mongo.Collection}\n * @importFromPackage meteor\n*/\nMeteor.users = Accounts.users;\n\nexport {\n  // Since this file is the main module for the server version of the\n  // accounts-base package, properties of non-entry-point modules need to\n  // be re-exported in order to be accessible to modules that import the\n  // accounts-base package.\n  AccountsServer\n};\n"]},"hash":"ce41bc34cccf80666721238a7807d7008b7dca7e"}
