{"metadata":{"usedHelpers":[],"marked":[],"modules":{"imports":[],"exports":{"exported":[],"specifiers":[]}}},"options":{"filename":"packages/reactive-dict/reactive-dict-tests.js","filenameRelative":"packages/reactive-dict/reactive-dict-tests.js","env":{"development":{"plugins":[]}},"retainLines":false,"highlightCode":true,"suppressDeprecationMessages":false,"presets":[],"plugins":[[[],{"generateLetDeclarations":true,"enforceStrictMode":false}],[[],null],[[],{"polyfill":false}],[[],null],[[],null],[[],null],[[],{"allowTopLevelThis":true,"strict":false,"loose":true}],[[],null],[[],null],[[],null],[[],null],[[],null],[[],null],[[],null],[[],null],[[],null],[[],null],[[],null],[[],null],[[],{"loose":true}],[[],{"loose":true}],[[],null],[[],{"loose":true}],[[],null],[[],null],[[],null],[[],null],[[],null],[[],null],[[],{"loose":true}],[[],null],[[],null],[[],null],[[],null],[[],null],[[],null],[[],null]],"ignore":[],"code":true,"metadata":true,"ast":true,"comments":true,"compact":false,"minified":false,"sourceMap":true,"sourceMaps":true,"sourceMapTarget":"packages/reactive-dict/reactive-dict-tests.js.map","sourceFileName":"packages/reactive-dict/reactive-dict-tests.js","babelrc":false,"sourceType":"module","moduleIds":false,"passPerPreset":false,"parserOpts":false,"generatorOpts":false,"basename":"reactive-dict-tests"},"ignored":false,"code":"Tinytest.add('ReactiveDict - set to undefined', function (test) {\n  var dict = new ReactiveDict();\n  dict.set('foo', undefined);\n  test.equal(_.keys(dict.all()), ['foo']);\n  dict.setDefault('foo', 'bar');\n  test.equal(dict.get('foo'), undefined);\n});\nTinytest.add('ReactiveDict - initialize with data', function (test) {\n  var now = new Date();\n  var dict = new ReactiveDict({\n    now: now\n  });\n  var nowFromDict = dict.get('now');\n  test.equal(nowFromDict, now); // Test with static value here as a named dict could\n  // be migrated if code reload happens while testing\n\n  dict = new ReactiveDict('foo', {\n    foo: 'bar'\n  });\n  nowFromDict = dict.get('foo');\n  test.equal(nowFromDict, 'bar');\n  dict = new ReactiveDict(undefined, {\n    now: now\n  });\n  nowFromDict = dict.get('now');\n  test.equal(nowFromDict, now);\n});\nTinytest.add('ReactiveDict - setDefault', function (test) {\n  var dict = new ReactiveDict();\n  dict.set('A', 'blah');\n  dict.set('B', undefined);\n  dict.setDefault('A', 'default');\n  dict.setDefault('B', 'default');\n  dict.setDefault('C', 'default');\n  dict.setDefault('D', undefined);\n  test.equal(dict.all(), {\n    A: 'blah',\n    B: undefined,\n    C: 'default',\n    D: undefined\n  });\n  dict = new ReactiveDict();\n  dict.set('A', 'blah');\n  dict.set('B', undefined);\n  dict.setDefault({\n    A: 'default',\n    B: 'defualt',\n    C: 'default',\n    D: undefined\n  });\n  test.equal(dict.all(), {\n    A: 'blah',\n    B: undefined,\n    C: 'default',\n    D: undefined\n  });\n});\nTinytest.add('ReactiveDict - all() works', function (test) {\n  var all = {},\n      dict = new ReactiveDict();\n  Tracker.autorun(function () {\n    all = dict.all();\n  });\n  test.equal(all, {});\n  dict.set('foo', 'bar');\n  Tracker.flush();\n  test.equal(all, {\n    foo: 'bar'\n  });\n  dict.set('blah', undefined);\n  Tracker.flush();\n  test.equal(all, {\n    foo: 'bar',\n    blah: undefined\n  });\n});\nTinytest.add('ReactiveDict - clear() works', function (test) {\n  var dict = new ReactiveDict();\n  dict.set('foo', 'bar'); // Clear should not throw an error now\n  // See issue #5530\n\n  dict.clear();\n  dict.set('foo', 'bar');\n  var val, equals, equalsUndefined, all;\n  Tracker.autorun(function () {\n    val = dict.get('foo');\n  });\n  Tracker.autorun(function () {\n    equals = dict.equals('foo', 'bar');\n  });\n  Tracker.autorun(function () {\n    equalsUndefined = dict.equals('foo', undefined);\n  });\n  Tracker.autorun(function () {\n    all = dict.all();\n  });\n  test.equal(val, 'bar');\n  test.equal(equals, true);\n  test.equal(equalsUndefined, false);\n  test.equal(all, {\n    foo: 'bar'\n  });\n  dict.clear();\n  Tracker.flush();\n  test.isUndefined(val);\n  test.equal(equals, false);\n  test.equal(equalsUndefined, true);\n  test.equal(all, {});\n});\nTinytest.add('ReactiveDict - delete(key) works', function (test) {\n  var dict = new ReactiveDict();\n  dict.set('foo', 'bar');\n  dict.set('bar', 'foo');\n  dict.set('baz', 123);\n  test.equal(dict.delete('baz'), true);\n  test.equal(dict.delete('baz'), false);\n  var val, equals, equalsUndefined, all;\n  Tracker.autorun(function () {\n    val = dict.get('foo');\n  });\n  Tracker.autorun(function () {\n    equals = dict.equals('foo', 'bar');\n  });\n  Tracker.autorun(function () {\n    equalsUndefined = dict.equals('foo', undefined);\n  });\n  Tracker.autorun(function () {\n    all = dict.all();\n  });\n  test.equal(val, 'bar');\n  test.equal(equals, true);\n  test.equal(equalsUndefined, false);\n  test.equal(all, {\n    foo: 'bar',\n    bar: 'foo'\n  });\n  var didRemove = dict.delete('foo');\n  test.equal(didRemove, true);\n  Tracker.flush();\n  test.isUndefined(val);\n  test.equal(equals, false);\n  test.equal(equalsUndefined, true);\n  test.equal(all, {\n    bar: 'foo'\n  });\n  didRemove = dict.delete('barfoobar');\n  test.equal(didRemove, false);\n});\nTinytest.add('ReactiveDict - destroy works', function (test) {\n  var dict = new ReactiveDict('test'); // Should throw on client when reload package is present\n\n  Meteor.isClient && test.throws(function () {\n    var dict2 = new ReactiveDict('test');\n  }, 'Duplicate ReactiveDict name: test');\n  dict.set('foo', 'bar');\n  var val, equals, equalsUndefined, all;\n  Tracker.autorun(function () {\n    val = dict.get('foo');\n  });\n  Tracker.autorun(function () {\n    equals = dict.equals('foo', 'bar');\n  });\n  Tracker.autorun(function () {\n    equalsUndefined = dict.equals('foo', undefined);\n  });\n  Tracker.autorun(function () {\n    all = dict.all();\n  });\n  test.equal(val, 'bar');\n  test.equal(equals, true);\n  test.equal(equalsUndefined, false);\n  test.equal(all, {\n    foo: 'bar'\n  }); // .destroy() should clear the dict\n\n  dict.destroy();\n  Tracker.flush();\n  test.isUndefined(val);\n  test.equal(equals, false);\n  test.equal(equalsUndefined, true);\n  test.equal(all, {}); // Shouldn't throw now that we've destroyed the previous dict\n\n  dict = new ReactiveDict('test');\n});","map":{"version":3,"sources":["packages/reactive-dict/reactive-dict-tests.js"],"names":["Tinytest","add","test","dict","ReactiveDict","set","undefined","equal","_","keys","all","setDefault","get","now","Date","nowFromDict","foo","A","B","C","D","Tracker","autorun","flush","blah","clear","val","equals","equalsUndefined","isUndefined","delete","bar","didRemove","Meteor","isClient","throws","dict2","destroy"],"mappings":"AAAAA,SAASC,GAAT,CAAa,iCAAb,EAAgD,UAAUC,IAAV,EAAgB;AAC9D,MAAIC,OAAO,IAAIC,YAAJ,EAAX;AACAD,OAAKE,GAAL,CAAS,KAAT,EAAgBC,SAAhB;AACAJ,OAAKK,KAAL,CAAWC,EAAEC,IAAF,CAAON,KAAKO,GAAL,EAAP,CAAX,EAA+B,CAAC,KAAD,CAA/B;AACAP,OAAKQ,UAAL,CAAgB,KAAhB,EAAuB,KAAvB;AACAT,OAAKK,KAAL,CAAWJ,KAAKS,GAAL,CAAS,KAAT,CAAX,EAA4BN,SAA5B;AACD,CAND;AAQAN,SAASC,GAAT,CAAa,qCAAb,EAAoD,UAAUC,IAAV,EAAgB;AAClE,MAAIW,MAAM,IAAIC,IAAJ,EAAV;AACA,MAAIX,OAAO,IAAIC,YAAJ,CAAiB;AAC1BS,SAAKA;AADqB,GAAjB,CAAX;AAIA,MAAIE,cAAcZ,KAAKS,GAAL,CAAS,KAAT,CAAlB;AACAV,OAAKK,KAAL,CAAWQ,WAAX,EAAwBF,GAAxB,EAPkE,CASlE;AACA;;AACAV,SAAO,IAAIC,YAAJ,CAAiB,KAAjB,EAAwB;AAC7BY,SAAK;AADwB,GAAxB,CAAP;AAIAD,gBAAcZ,KAAKS,GAAL,CAAS,KAAT,CAAd;AACAV,OAAKK,KAAL,CAAWQ,WAAX,EAAwB,KAAxB;AAEAZ,SAAO,IAAIC,YAAJ,CAAiBE,SAAjB,EAA4B;AACjCO,SAAKA;AAD4B,GAA5B,CAAP;AAIAE,gBAAcZ,KAAKS,GAAL,CAAS,KAAT,CAAd;AACAV,OAAKK,KAAL,CAAWQ,WAAX,EAAwBF,GAAxB;AACD,CAxBD;AA0BAb,SAASC,GAAT,CAAa,2BAAb,EAA0C,UAAUC,IAAV,EAAgB;AACxD,MAAIC,OAAO,IAAIC,YAAJ,EAAX;AACAD,OAAKE,GAAL,CAAS,GAAT,EAAc,MAAd;AACAF,OAAKE,GAAL,CAAS,GAAT,EAAcC,SAAd;AACAH,OAAKQ,UAAL,CAAgB,GAAhB,EAAqB,SAArB;AACAR,OAAKQ,UAAL,CAAgB,GAAhB,EAAqB,SAArB;AACAR,OAAKQ,UAAL,CAAgB,GAAhB,EAAqB,SAArB;AACAR,OAAKQ,UAAL,CAAgB,GAAhB,EAAqBL,SAArB;AACAJ,OAAKK,KAAL,CAAWJ,KAAKO,GAAL,EAAX,EAAuB;AAACO,OAAG,MAAJ;AAAYC,OAAGZ,SAAf;AACCa,OAAG,SADJ;AACeC,OAAGd;AADlB,GAAvB;AAGAH,SAAO,IAAIC,YAAJ,EAAP;AACAD,OAAKE,GAAL,CAAS,GAAT,EAAc,MAAd;AACAF,OAAKE,GAAL,CAAS,GAAT,EAAcC,SAAd;AACAH,OAAKQ,UAAL,CAAgB;AACdM,OAAG,SADW;AAEdC,OAAG,SAFW;AAGdC,OAAG,SAHW;AAIdC,OAAGd;AAJW,GAAhB;AAMAJ,OAAKK,KAAL,CAAWJ,KAAKO,GAAL,EAAX,EAAuB;AAACO,OAAG,MAAJ;AAAYC,OAAGZ,SAAf;AACCa,OAAG,SADJ;AACeC,OAAGd;AADlB,GAAvB;AAED,CAtBD;AAwBAN,SAASC,GAAT,CAAa,4BAAb,EAA2C,UAAUC,IAAV,EAAgB;AACzD,MAAIQ,MAAM,EAAV;AAAA,MAAcP,OAAO,IAAIC,YAAJ,EAArB;AACAiB,UAAQC,OAAR,CAAgB,YAAW;AACzBZ,UAAMP,KAAKO,GAAL,EAAN;AACD,GAFD;AAIAR,OAAKK,KAAL,CAAWG,GAAX,EAAgB,EAAhB;AAEAP,OAAKE,GAAL,CAAS,KAAT,EAAgB,KAAhB;AACAgB,UAAQE,KAAR;AACArB,OAAKK,KAAL,CAAWG,GAAX,EAAgB;AAACM,SAAK;AAAN,GAAhB;AAEAb,OAAKE,GAAL,CAAS,MAAT,EAAiBC,SAAjB;AACAe,UAAQE,KAAR;AACArB,OAAKK,KAAL,CAAWG,GAAX,EAAgB;AAACM,SAAK,KAAN;AAAaQ,UAAMlB;AAAnB,GAAhB;AACD,CAfD;AAkBAN,SAASC,GAAT,CAAa,8BAAb,EAA6C,UAAUC,IAAV,EAAgB;AAC3D,MAAIC,OAAO,IAAIC,YAAJ,EAAX;AACAD,OAAKE,GAAL,CAAS,KAAT,EAAgB,KAAhB,EAF2D,CAI3D;AACA;;AACAF,OAAKsB,KAAL;AAEAtB,OAAKE,GAAL,CAAS,KAAT,EAAgB,KAAhB;AAEA,MAAIqB,GAAJ,EAASC,MAAT,EAAiBC,eAAjB,EAAkClB,GAAlC;AACAW,UAAQC,OAAR,CAAgB,YAAW;AACzBI,UAAMvB,KAAKS,GAAL,CAAS,KAAT,CAAN;AACD,GAFD;AAGAS,UAAQC,OAAR,CAAgB,YAAW;AACzBK,aAASxB,KAAKwB,MAAL,CAAY,KAAZ,EAAmB,KAAnB,CAAT;AACD,GAFD;AAGAN,UAAQC,OAAR,CAAgB,YAAW;AACzBM,sBAAkBzB,KAAKwB,MAAL,CAAY,KAAZ,EAAmBrB,SAAnB,CAAlB;AACD,GAFD;AAGAe,UAAQC,OAAR,CAAgB,YAAW;AACzBZ,UAAMP,KAAKO,GAAL,EAAN;AACD,GAFD;AAIAR,OAAKK,KAAL,CAAWmB,GAAX,EAAgB,KAAhB;AACAxB,OAAKK,KAAL,CAAWoB,MAAX,EAAmB,IAAnB;AACAzB,OAAKK,KAAL,CAAWqB,eAAX,EAA4B,KAA5B;AACA1B,OAAKK,KAAL,CAAWG,GAAX,EAAgB;AAACM,SAAK;AAAN,GAAhB;AAEAb,OAAKsB,KAAL;AACAJ,UAAQE,KAAR;AACArB,OAAK2B,WAAL,CAAiBH,GAAjB;AACAxB,OAAKK,KAAL,CAAWoB,MAAX,EAAmB,KAAnB;AACAzB,OAAKK,KAAL,CAAWqB,eAAX,EAA4B,IAA5B;AACA1B,OAAKK,KAAL,CAAWG,GAAX,EAAgB,EAAhB;AACD,CAnCD;AAqCAV,SAASC,GAAT,CAAa,kCAAb,EAAiD,UAAUC,IAAV,EAAgB;AAC/D,MAAIC,OAAO,IAAIC,YAAJ,EAAX;AACAD,OAAKE,GAAL,CAAS,KAAT,EAAgB,KAAhB;AACAF,OAAKE,GAAL,CAAS,KAAT,EAAgB,KAAhB;AAEAF,OAAKE,GAAL,CAAS,KAAT,EAAgB,GAAhB;AACAH,OAAKK,KAAL,CAAWJ,KAAK2B,MAAL,CAAY,KAAZ,CAAX,EAA+B,IAA/B;AACA5B,OAAKK,KAAL,CAAWJ,KAAK2B,MAAL,CAAY,KAAZ,CAAX,EAA+B,KAA/B;AAEA,MAAIJ,GAAJ,EAASC,MAAT,EAAiBC,eAAjB,EAAkClB,GAAlC;AAEAW,UAAQC,OAAR,CAAgB,YAAW;AACzBI,UAAMvB,KAAKS,GAAL,CAAS,KAAT,CAAN;AACD,GAFD;AAGAS,UAAQC,OAAR,CAAgB,YAAW;AACzBK,aAASxB,KAAKwB,MAAL,CAAY,KAAZ,EAAmB,KAAnB,CAAT;AACD,GAFD;AAGAN,UAAQC,OAAR,CAAgB,YAAW;AACzBM,sBAAkBzB,KAAKwB,MAAL,CAAY,KAAZ,EAAmBrB,SAAnB,CAAlB;AACD,GAFD;AAGAe,UAAQC,OAAR,CAAgB,YAAW;AACzBZ,UAAMP,KAAKO,GAAL,EAAN;AACD,GAFD;AAIAR,OAAKK,KAAL,CAAWmB,GAAX,EAAgB,KAAhB;AACAxB,OAAKK,KAAL,CAAWoB,MAAX,EAAmB,IAAnB;AACAzB,OAAKK,KAAL,CAAWqB,eAAX,EAA4B,KAA5B;AACA1B,OAAKK,KAAL,CAAWG,GAAX,EAAgB;AAACM,SAAK,KAAN;AAAae,SAAK;AAAlB,GAAhB;AAEA,MAAIC,YAAY7B,KAAK2B,MAAL,CAAY,KAAZ,CAAhB;AACA5B,OAAKK,KAAL,CAAWyB,SAAX,EAAsB,IAAtB;AAEAX,UAAQE,KAAR;AAEArB,OAAK2B,WAAL,CAAiBH,GAAjB;AACAxB,OAAKK,KAAL,CAAWoB,MAAX,EAAmB,KAAnB;AACAzB,OAAKK,KAAL,CAAWqB,eAAX,EAA4B,IAA5B;AACA1B,OAAKK,KAAL,CAAWG,GAAX,EAAgB;AAACqB,SAAK;AAAN,GAAhB;AAEAC,cAAY7B,KAAK2B,MAAL,CAAY,WAAZ,CAAZ;AACA5B,OAAKK,KAAL,CAAWyB,SAAX,EAAsB,KAAtB;AACD,CAzCD;AA2CAhC,SAASC,GAAT,CAAa,8BAAb,EAA6C,UAAUC,IAAV,EAAgB;AAC3D,MAAIC,OAAO,IAAIC,YAAJ,CAAiB,MAAjB,CAAX,CAD2D,CAG3D;;AACA6B,SAAOC,QAAP,IAAmBhC,KAAKiC,MAAL,CAAY,YAAY;AACzC,QAAIC,QAAQ,IAAIhC,YAAJ,CAAiB,MAAjB,CAAZ;AACD,GAFkB,EAEhB,mCAFgB,CAAnB;AAIAD,OAAKE,GAAL,CAAS,KAAT,EAAgB,KAAhB;AAEA,MAAIqB,GAAJ,EAASC,MAAT,EAAiBC,eAAjB,EAAkClB,GAAlC;AACAW,UAAQC,OAAR,CAAgB,YAAW;AACzBI,UAAMvB,KAAKS,GAAL,CAAS,KAAT,CAAN;AACD,GAFD;AAGAS,UAAQC,OAAR,CAAgB,YAAW;AACzBK,aAASxB,KAAKwB,MAAL,CAAY,KAAZ,EAAmB,KAAnB,CAAT;AACD,GAFD;AAGAN,UAAQC,OAAR,CAAgB,YAAW;AACzBM,sBAAkBzB,KAAKwB,MAAL,CAAY,KAAZ,EAAmBrB,SAAnB,CAAlB;AACD,GAFD;AAGAe,UAAQC,OAAR,CAAgB,YAAW;AACzBZ,UAAMP,KAAKO,GAAL,EAAN;AACD,GAFD;AAIAR,OAAKK,KAAL,CAAWmB,GAAX,EAAgB,KAAhB;AACAxB,OAAKK,KAAL,CAAWoB,MAAX,EAAmB,IAAnB;AACAzB,OAAKK,KAAL,CAAWqB,eAAX,EAA4B,KAA5B;AACA1B,OAAKK,KAAL,CAAWG,GAAX,EAAgB;AAACM,SAAK;AAAN,GAAhB,EA3B2D,CA6B3D;;AACAb,OAAKkC,OAAL;AACAhB,UAAQE,KAAR;AACArB,OAAK2B,WAAL,CAAiBH,GAAjB;AACAxB,OAAKK,KAAL,CAAWoB,MAAX,EAAmB,KAAnB;AACAzB,OAAKK,KAAL,CAAWqB,eAAX,EAA4B,IAA5B;AACA1B,OAAKK,KAAL,CAAWG,GAAX,EAAgB,EAAhB,EAnC2D,CAqC3D;;AACAP,SAAO,IAAIC,YAAJ,CAAiB,MAAjB,CAAP;AACD,CAvCD","file":"packages/reactive-dict/reactive-dict-tests.js.map","sourcesContent":["Tinytest.add('ReactiveDict - set to undefined', function (test) {\n  var dict = new ReactiveDict;\n  dict.set('foo', undefined);\n  test.equal(_.keys(dict.all()), ['foo']);\n  dict.setDefault('foo', 'bar');\n  test.equal(dict.get('foo'), undefined);\n});\n\nTinytest.add('ReactiveDict - initialize with data', function (test) {\n  var now = new Date();\n  var dict = new ReactiveDict({\n    now: now\n  });\n\n  var nowFromDict = dict.get('now');\n  test.equal(nowFromDict, now);\n\n  // Test with static value here as a named dict could\n  // be migrated if code reload happens while testing\n  dict = new ReactiveDict('foo', {\n    foo: 'bar'\n  });\n\n  nowFromDict = dict.get('foo');\n  test.equal(nowFromDict, 'bar');\n\n  dict = new ReactiveDict(undefined, {\n    now: now\n  });\n\n  nowFromDict = dict.get('now');\n  test.equal(nowFromDict, now);\n});\n\nTinytest.add('ReactiveDict - setDefault', function (test) {\n  var dict = new ReactiveDict;\n  dict.set('A', 'blah');\n  dict.set('B', undefined);\n  dict.setDefault('A', 'default');\n  dict.setDefault('B', 'default');\n  dict.setDefault('C', 'default');\n  dict.setDefault('D', undefined);\n  test.equal(dict.all(), {A: 'blah', B: undefined,\n                          C: 'default', D: undefined});\n\n  dict = new ReactiveDict;\n  dict.set('A', 'blah');\n  dict.set('B', undefined);\n  dict.setDefault({\n    A: 'default',\n    B: 'defualt',\n    C: 'default',\n    D: undefined\n  });\n  test.equal(dict.all(), {A: 'blah', B: undefined,\n                          C: 'default', D: undefined});\n});\n\nTinytest.add('ReactiveDict - all() works', function (test) {\n  var all = {}, dict = new ReactiveDict;\n  Tracker.autorun(function() {\n    all = dict.all();\n  });\n\n  test.equal(all, {});\n\n  dict.set('foo', 'bar');\n  Tracker.flush();\n  test.equal(all, {foo: 'bar'});\n\n  dict.set('blah', undefined);\n  Tracker.flush();\n  test.equal(all, {foo: 'bar', blah: undefined});\n});\n\n\nTinytest.add('ReactiveDict - clear() works', function (test) {\n  var dict = new ReactiveDict;\n  dict.set('foo', 'bar');\n\n  // Clear should not throw an error now\n  // See issue #5530\n  dict.clear();\n\n  dict.set('foo', 'bar');\n\n  var val, equals, equalsUndefined, all;\n  Tracker.autorun(function() {\n    val = dict.get('foo');\n  });\n  Tracker.autorun(function() {\n    equals = dict.equals('foo', 'bar');\n  });\n  Tracker.autorun(function() {\n    equalsUndefined = dict.equals('foo', undefined);\n  });\n  Tracker.autorun(function() {\n    all = dict.all();\n  });\n\n  test.equal(val, 'bar');\n  test.equal(equals, true);\n  test.equal(equalsUndefined, false);\n  test.equal(all, {foo: 'bar'});\n\n  dict.clear();\n  Tracker.flush();\n  test.isUndefined(val);\n  test.equal(equals, false);\n  test.equal(equalsUndefined, true);\n  test.equal(all, {});\n});\n\nTinytest.add('ReactiveDict - delete(key) works', function (test) {\n  var dict = new ReactiveDict;\n  dict.set('foo', 'bar');\n  dict.set('bar', 'foo');\n\n  dict.set('baz', 123);\n  test.equal(dict.delete('baz'), true);\n  test.equal(dict.delete('baz'), false);\n\n  var val, equals, equalsUndefined, all;\n\n  Tracker.autorun(function() {\n    val = dict.get('foo');\n  });\n  Tracker.autorun(function() {\n    equals = dict.equals('foo', 'bar');\n  });\n  Tracker.autorun(function() {\n    equalsUndefined = dict.equals('foo', undefined);\n  });\n  Tracker.autorun(function() {\n    all = dict.all();\n  });\n\n  test.equal(val, 'bar');\n  test.equal(equals, true);\n  test.equal(equalsUndefined, false);\n  test.equal(all, {foo: 'bar', bar: 'foo'});\n\n  var didRemove = dict.delete('foo');\n  test.equal(didRemove, true);\n\n  Tracker.flush();\n\n  test.isUndefined(val);\n  test.equal(equals, false);\n  test.equal(equalsUndefined, true);\n  test.equal(all, {bar: 'foo'});\n\n  didRemove = dict.delete('barfoobar');\n  test.equal(didRemove, false);\n});\n\nTinytest.add('ReactiveDict - destroy works', function (test) {\n  var dict = new ReactiveDict('test');\n\n  // Should throw on client when reload package is present\n  Meteor.isClient && test.throws(function () {\n    var dict2 = new ReactiveDict('test');\n  }, 'Duplicate ReactiveDict name: test');\n\n  dict.set('foo', 'bar');\n\n  var val, equals, equalsUndefined, all;\n  Tracker.autorun(function() {\n    val = dict.get('foo');\n  });\n  Tracker.autorun(function() {\n    equals = dict.equals('foo', 'bar');\n  });\n  Tracker.autorun(function() {\n    equalsUndefined = dict.equals('foo', undefined);\n  });\n  Tracker.autorun(function() {\n    all = dict.all();\n  });\n\n  test.equal(val, 'bar');\n  test.equal(equals, true);\n  test.equal(equalsUndefined, false);\n  test.equal(all, {foo: 'bar'});\n\n  // .destroy() should clear the dict\n  dict.destroy();\n  Tracker.flush();\n  test.isUndefined(val);\n  test.equal(equals, false);\n  test.equal(equalsUndefined, true);\n  test.equal(all, {});\n  \n  // Shouldn't throw now that we've destroyed the previous dict\n  dict = new ReactiveDict('test');\n});\n"]},"hash":"f9f068c62e017d9bf8891c85f701c787550c3c6c"}
